RID,split,conv_label,y,stage1_p_converter,stage1_confidence,stage1_band,stage1_pred,stage1_correct,stage1_conf_source,specialist_p_converter,specialist_p_mean_oof,specialist_confidence,specialist_band,specialist_pred,specialist_correct,moved_to_high,rescued,broken,cell
1292,train,converter,1,0.736683,0.736683,low,converter,1,out_of_fold,0.962393,0.959801,0.962393,high,converter,1,1,0,0,correct-high
397,train,stable,0,0.746581,0.746581,low,converter,0,out_of_fold,0.947438,0.944297,0.947438,high,converter,0,1,0,0,incorrect-high
45,train,converter,1,0.700847,0.700847,low,converter,1,out_of_fold,0.939586,0.906357,0.939586,high,converter,1,1,0,0,correct-high
608,test,stable,0,0.785766,0.785766,low,converter,0,fitted,0.925954,0.839537,0.925954,high,converter,0,1,0,0,incorrect-high
4515,train,converter,1,0.655578,0.655578,low,converter,1,out_of_fold,0.923989,0.897335,0.923989,high,converter,1,1,0,0,correct-high
4885,test,converter,1,0.782986,0.782986,low,converter,1,fitted,0.918077,0.877957,0.918077,high,converter,1,1,0,0,correct-high
103,train,stable,0,0.718239,0.718239,low,converter,0,out_of_fold,0.910053,0.934945,0.910053,high,converter,0,1,0,0,incorrect-high
1148,train,converter,1,0.752376,0.752376,low,converter,1,out_of_fold,0.906558,0.820204,0.906558,high,converter,1,1,0,0,correct-high
567,train,converter,1,0.789322,0.789322,low,converter,1,out_of_fold,0.894551,0.859547,0.894551,high,converter,1,1,0,0,correct-high
531,train,stable,0,0.783233,0.783233,low,converter,0,out_of_fold,0.886081,0.845309,0.886081,high,converter,0,1,0,0,incorrect-high
915,train,converter,1,0.633922,0.633922,low,converter,1,out_of_fold,0.882074,0.844549,0.882074,high,converter,1,1,0,0,correct-high
4712,train,converter,1,0.677036,0.677036,low,converter,1,out_of_fold,0.881365,0.792721,0.881365,high,converter,1,1,0,0,correct-high
673,train,stable,0,0.654162,0.654162,low,converter,0,out_of_fold,0.880774,0.869592,0.880774,high,converter,0,1,0,0,incorrect-high
1117,train,converter,1,0.493492,0.506508,low,stable,0,out_of_fold,0.878539,0.823622,0.878539,high,converter,1,1,1,0,correct-high
6775,test,stable,0,0.487722,0.512278,low,stable,1,fitted,0.873266,0.86507,0.873266,high,converter,0,1,0,1,incorrect-high
4458,test,converter,1,0.646925,0.646925,low,converter,1,fitted,0.871317,0.785627,0.871317,high,converter,1,1,0,0,correct-high
835,train,converter,1,0.796607,0.796607,low,converter,1,out_of_fold,0.87045,0.700631,0.87045,high,converter,1,1,0,0,correct-high
188,train,stable,0,0.784408,0.784408,low,converter,0,out_of_fold,0.866499,0.861723,0.866499,high,converter,0,1,0,0,incorrect-high
222,test,converter,1,0.688308,0.688308,low,converter,1,fitted,0.866041,0.819221,0.866041,high,converter,1,1,0,0,correct-high
4366,train,converter,1,0.525479,0.525479,low,converter,1,out_of_fold,0.864224,0.750967,0.864224,high,converter,1,1,0,0,correct-high
739,train,stable,0,0.648948,0.648948,low,converter,0,out_of_fold,0.86288,0.779444,0.86288,high,converter,0,1,0,0,incorrect-high
4079,train,converter,1,0.452024,0.547976,low,stable,0,out_of_fold,0.860226,0.771432,0.860226,high,converter,1,1,1,0,correct-high
2316,train,converter,1,0.499357,0.500643,low,stable,0,out_of_fold,0.850678,0.807697,0.850678,high,converter,1,1,1,0,correct-high
2373,test,converter,1,0.504113,0.504113,low,converter,1,fitted,0.850482,0.795321,0.850482,high,converter,1,1,0,0,correct-high
1293,train,stable,0,0.774599,0.774599,low,converter,0,out_of_fold,0.850262,0.848123,0.850262,high,converter,0,1,0,0,incorrect-high
4542,test,converter,1,0.792629,0.792629,low,converter,1,fitted,0.847685,0.854337,0.847685,high,converter,1,1,0,0,correct-high
1295,test,converter,1,0.672872,0.672872,low,converter,1,fitted,0.84686,0.832983,0.84686,high,converter,1,1,0,0,correct-high
954,test,converter,1,0.685064,0.685064,low,converter,1,fitted,0.842274,0.788151,0.842274,high,converter,1,1,0,0,correct-high
423,train,converter,1,0.76577,0.76577,low,converter,1,out_of_fold,0.839093,0.84602,0.839093,high,converter,1,1,0,0,correct-high
4736,train,stable,0,0.399155,0.600845,low,stable,1,out_of_fold,0.838454,0.794865,0.838454,high,converter,0,1,0,1,incorrect-high
1315,train,converter,1,0.710081,0.710081,low,converter,1,out_of_fold,0.836265,0.748797,0.836265,high,converter,1,1,0,0,correct-high
390,train,converter,1,0.575825,0.575825,low,converter,1,out_of_fold,0.824042,0.800101,0.824042,high,converter,1,1,0,0,correct-high
4793,train,stable,0,0.741194,0.741194,low,converter,0,out_of_fold,0.822666,0.716617,0.822666,high,converter,0,1,0,0,incorrect-high
921,train,stable,0,0.705578,0.705578,low,converter,0,out_of_fold,0.821014,0.851624,0.821014,high,converter,0,1,0,0,incorrect-high
904,train,converter,1,0.536,0.536,low,converter,1,out_of_fold,0.817041,0.824908,0.817041,high,converter,1,1,0,0,correct-high
111,test,converter,1,0.728439,0.728439,low,converter,1,fitted,0.809873,0.8075,0.809873,high,converter,1,1,0,0,correct-high
227,train,converter,1,0.664577,0.664577,low,converter,1,out_of_fold,0.806331,0.817339,0.806331,high,converter,1,1,0,0,correct-high
4015,train,converter,1,0.415947,0.584053,low,stable,0,out_of_fold,0.803784,0.746665,0.803784,high,converter,1,1,1,0,correct-high
1393,train,converter,1,0.76032,0.76032,low,converter,1,out_of_fold,0.803144,0.729532,0.803144,high,converter,1,1,0,0,correct-high
649,test,converter,1,0.746849,0.746849,low,converter,1,fitted,0.796332,0.857084,0.796332,low,converter,1,0,0,0,correct-low
613,test,stable,0,0.663966,0.663966,low,converter,0,fitted,0.78918,0.704883,0.78918,low,converter,0,0,0,0,incorrect-low
1120,train,stable,0,0.759307,0.759307,low,converter,0,out_of_fold,0.788908,0.75904,0.788908,low,converter,0,0,0,0,incorrect-low
1073,train,converter,1,0.570256,0.570256,low,converter,1,out_of_fold,0.787432,0.792724,0.787432,low,converter,1,0,0,0,correct-low
4729,train,converter,1,0.636935,0.636935,low,converter,1,out_of_fold,0.786749,0.722265,0.786749,low,converter,1,0,0,0,correct-low
1130,train,converter,1,0.535661,0.535661,low,converter,1,out_of_fold,0.786501,0.691718,0.786501,low,converter,1,0,0,0,correct-low
6668,test,converter,1,0.490672,0.509328,low,stable,0,fitted,0.785049,0.675938,0.785049,low,converter,1,0,1,0,correct-low
6068,test,converter,1,0.622603,0.622603,low,converter,1,fitted,0.779717,0.725092,0.779717,low,converter,1,0,0,0,correct-low
1423,train,converter,1,0.638812,0.638812,low,converter,1,out_of_fold,0.774262,0.734204,0.774262,low,converter,1,0,0,0,correct-low
6632,test,converter,1,0.542474,0.542474,low,converter,1,fitted,0.770883,0.788102,0.770883,low,converter,1,0,0,0,correct-low
552,test,converter,1,0.712708,0.712708,low,converter,1,fitted,0.770625,0.685116,0.770625,low,converter,1,0,0,0,correct-low
4475,train,stable,0,0.664102,0.664102,low,converter,0,out_of_fold,0.767959,0.780468,0.767959,low,converter,0,0,0,0,incorrect-low
4584,train,converter,1,0.296137,0.703863,low,stable,0,out_of_fold,0.765027,0.601642,0.765027,low,converter,1,0,1,0,correct-low
4852,train,stable,0,0.513986,0.513986,low,converter,0,out_of_fold,0.764878,0.736182,0.764878,low,converter,0,0,0,0,incorrect-low
930,test,converter,1,0.763063,0.763063,low,converter,1,fitted,0.763056,0.744175,0.763056,low,converter,1,0,0,0,correct-low
1010,test,converter,1,0.748748,0.748748,low,converter,1,fitted,0.76056,0.822666,0.76056,low,converter,1,0,0,0,correct-low
4521,train,converter,1,0.62599,0.62599,low,converter,1,out_of_fold,0.757281,0.653248,0.757281,low,converter,1,0,0,0,correct-low
6598,train,stable,0,0.417101,0.582899,low,stable,1,out_of_fold,0.745095,0.695264,0.745095,low,converter,0,0,0,1,incorrect-low
4294,test,converter,1,0.71218,0.71218,low,converter,1,fitted,0.744787,0.756073,0.744787,low,converter,1,0,0,0,correct-low
101,train,converter,1,0.698351,0.698351,low,converter,1,out_of_fold,0.741717,0.667809,0.741717,low,converter,1,0,0,0,correct-low
4415,train,converter,1,0.353929,0.646071,low,stable,0,out_of_fold,0.735734,0.807956,0.735734,low,converter,1,0,1,0,correct-low
4188,train,converter,1,0.437575,0.562425,low,stable,0,out_of_fold,0.730799,0.649666,0.730799,low,converter,1,0,1,0,correct-low
6788,train,converter,1,0.450503,0.549497,low,stable,0,out_of_fold,0.730541,0.745894,0.730541,low,converter,1,0,1,0,correct-low
126,train,converter,1,0.725178,0.725178,low,converter,1,out_of_fold,0.728667,0.801278,0.728667,low,converter,1,0,0,0,correct-low
611,test,converter,1,0.613861,0.613861,low,converter,1,fitted,0.727059,0.705284,0.727059,low,converter,1,0,0,0,correct-low
4929,train,converter,1,0.745228,0.745228,low,converter,1,out_of_fold,0.72651,0.707241,0.72651,low,converter,1,0,0,0,correct-low
4167,train,converter,1,0.542096,0.542096,low,converter,1,out_of_fold,0.724174,0.653343,0.724174,low,converter,1,0,0,0,correct-low
4899,test,converter,1,0.703529,0.703529,low,converter,1,fitted,0.720398,0.723956,0.720398,low,converter,1,0,0,0,correct-low
344,train,converter,1,0.589972,0.589972,low,converter,1,out_of_fold,0.716888,0.697248,0.716888,low,converter,1,0,0,0,correct-low
150,train,converter,1,0.491198,0.508802,low,stable,0,out_of_fold,0.715254,0.666026,0.715254,low,converter,1,0,1,0,correct-low
671,train,converter,1,0.630361,0.630361,low,converter,1,out_of_fold,0.707739,0.834747,0.707739,low,converter,1,0,0,0,correct-low
1224,train,converter,1,0.512329,0.512329,low,converter,1,out_of_fold,0.70613,0.631036,0.70613,low,converter,1,0,0,0,correct-low
6964,train,converter,1,0.612857,0.612857,low,converter,1,out_of_fold,0.706027,0.650208,0.706027,low,converter,1,0,0,0,correct-low
4922,test,stable,0,0.464131,0.535869,low,stable,1,fitted,0.705629,0.662967,0.705629,low,converter,0,0,0,1,incorrect-low
361,train,converter,1,0.40249,0.59751,low,stable,0,out_of_fold,0.704102,0.562286,0.704102,low,converter,1,0,1,0,correct-low
4675,train,converter,1,0.58242,0.58242,low,converter,1,out_of_fold,0.702838,0.708297,0.702838,low,converter,1,0,0,0,correct-low
33,train,stable,0,0.704312,0.704312,low,converter,0,out_of_fold,0.700691,0.685656,0.700691,low,converter,0,0,0,0,incorrect-low
892,train,converter,1,0.326011,0.673989,low,stable,0,out_of_fold,0.699884,0.642968,0.699884,low,converter,1,0,1,0,correct-low
961,train,stable,0,0.555109,0.555109,low,converter,0,out_of_fold,0.699254,0.707838,0.699254,low,converter,0,0,0,0,incorrect-low
978,train,converter,1,0.733219,0.733219,low,converter,1,out_of_fold,0.694695,0.706479,0.694695,low,converter,1,0,0,0,correct-low
476,test,converter,1,0.647632,0.647632,low,converter,1,fitted,0.693646,0.61088,0.693646,low,converter,1,0,0,0,correct-low
511,train,converter,1,0.683726,0.683726,low,converter,1,out_of_fold,0.688112,0.707752,0.688112,low,converter,1,0,0,0,correct-low
4197,train,converter,1,0.459057,0.540943,low,stable,0,out_of_fold,0.687702,0.610468,0.687702,low,converter,1,0,1,0,correct-low
4203,train,converter,1,0.754217,0.754217,low,converter,1,out_of_fold,0.686283,0.70838,0.686283,low,converter,1,0,0,0,correct-low
4022,train,stable,0,0.565219,0.565219,low,converter,0,out_of_fold,0.682023,0.61619,0.682023,low,converter,0,0,0,0,incorrect-low
292,train,converter,1,0.633442,0.633442,low,converter,1,out_of_fold,0.679468,0.645776,0.679468,low,converter,1,0,0,0,correct-low
1294,train,stable,0,0.746359,0.746359,low,converter,0,out_of_fold,0.678828,0.717934,0.678828,low,converter,0,0,0,0,incorrect-low
718,train,stable,0,0.612875,0.612875,low,converter,0,out_of_fold,0.673451,0.623565,0.673451,low,converter,0,0,0,0,incorrect-low
6700,train,stable,0,0.655561,0.655561,low,converter,0,out_of_fold,0.673066,0.703715,0.673066,low,converter,0,0,0,0,incorrect-low
288,train,stable,0,0.758462,0.758462,low,converter,0,out_of_fold,0.672958,0.694799,0.672958,low,converter,0,0,0,0,incorrect-low
445,train,stable,0,0.496709,0.503291,low,stable,1,out_of_fold,0.672619,0.492513,0.672619,low,converter,0,0,0,1,incorrect-low
2210,train,converter,1,0.346518,0.653482,low,stable,0,out_of_fold,0.671068,0.546646,0.671068,low,converter,1,0,1,0,correct-low
4402,train,converter,1,0.633084,0.633084,low,converter,1,out_of_fold,0.670062,0.791388,0.670062,low,converter,1,0,0,0,correct-low
4816,train,converter,1,0.24672,0.75328,low,stable,0,out_of_fold,0.66864,0.541884,0.66864,low,converter,1,0,1,0,correct-low
566,test,converter,1,0.639981,0.639981,low,converter,1,fitted,0.668315,0.649477,0.668315,low,converter,1,0,0,0,correct-low
4057,test,converter,1,0.490126,0.509874,low,stable,0,fitted,0.668295,0.637634,0.668295,low,converter,1,0,1,0,correct-low
4131,train,converter,1,0.706198,0.706198,low,converter,1,out_of_fold,0.665277,0.57429,0.665277,low,converter,1,0,0,0,correct-low
204,train,converter,1,0.382433,0.617567,low,stable,0,out_of_fold,0.66513,0.641728,0.66513,low,converter,1,0,1,0,correct-low
1213,test,converter,1,0.605397,0.605397,low,converter,1,fitted,0.664355,0.69106,0.664355,low,converter,1,0,0,0,correct-low
4796,train,converter,1,0.489243,0.510757,low,stable,0,out_of_fold,0.663256,0.69233,0.663256,low,converter,1,0,1,0,correct-low
2106,train,converter,1,0.358093,0.641907,low,stable,0,out_of_fold,0.661866,0.590724,0.661866,low,converter,1,0,1,0,correct-low
6345,test,converter,1,0.488144,0.511856,low,stable,0,fitted,0.660211,0.623062,0.660211,low,converter,1,0,1,0,correct-low
4815,train,converter,1,0.401955,0.598045,low,stable,0,out_of_fold,0.658572,0.666515,0.658572,low,converter,1,0,1,0,correct-low
1380,train,stable,0,0.491928,0.508072,low,stable,1,out_of_fold,0.658513,0.508457,0.658513,low,converter,0,0,0,1,incorrect-low
1054,train,converter,1,0.628603,0.628603,low,converter,1,out_of_fold,0.65509,0.657695,0.65509,low,converter,1,0,0,0,correct-low
1309,train,stable,0,0.587797,0.587797,low,converter,0,out_of_fold,0.654389,0.712802,0.654389,low,converter,0,0,0,0,incorrect-low
4689,train,converter,1,0.251869,0.748131,low,stable,0,out_of_fold,0.652708,0.576819,0.652708,low,converter,1,0,1,0,correct-low
336,train,converter,1,0.65848,0.65848,low,converter,1,out_of_fold,0.649769,0.697805,0.649769,low,converter,1,0,0,0,correct-low
4240,test,converter,1,0.691261,0.691261,low,converter,1,fitted,0.648676,0.610892,0.648676,low,converter,1,0,0,0,correct-low
378,test,converter,1,0.498781,0.501219,low,stable,0,fitted,0.646457,0.707219,0.646457,low,converter,1,0,1,0,correct-low
4034,test,stable,0,0.423855,0.576145,low,stable,1,fitted,0.644227,0.671974,0.644227,low,converter,0,0,0,1,incorrect-low
269,test,converter,1,0.412337,0.587663,low,stable,0,fitted,0.641539,0.567857,0.641539,low,converter,1,0,1,0,correct-low
4498,test,stable,0,0.521539,0.521539,low,converter,0,fitted,0.640072,0.590385,0.640072,low,converter,0,0,0,0,incorrect-low
176,train,stable,0,0.436587,0.563413,low,stable,1,out_of_fold,0.639518,0.569283,0.639518,low,converter,0,0,0,1,incorrect-low
4765,train,converter,1,0.4437,0.5563,low,stable,0,out_of_fold,0.638169,0.556014,0.638169,low,converter,1,0,1,0,correct-low
258,test,converter,1,0.668341,0.668341,low,converter,1,fitted,0.634726,0.717935,0.634726,low,converter,1,0,0,0,correct-low
1421,train,stable,0,0.515942,0.515942,low,converter,0,out_of_fold,0.633471,0.795561,0.633471,low,converter,0,0,0,0,incorrect-low
41,train,converter,1,0.434966,0.565034,low,stable,0,out_of_fold,0.633328,0.716602,0.633328,low,converter,1,0,1,0,correct-low
4595,train,converter,1,0.300767,0.699233,low,stable,0,out_of_fold,0.632324,0.622073,0.632324,low,converter,1,0,1,0,correct-low
4741,test,converter,1,0.780598,0.780598,low,converter,1,fitted,0.631866,0.697373,0.631866,low,converter,1,0,0,0,correct-low
2381,train,converter,1,0.208638,0.791362,low,stable,0,out_of_fold,0.629789,0.572523,0.629789,low,converter,1,0,1,0,correct-low
952,train,converter,1,0.68289,0.68289,low,converter,1,out_of_fold,0.626872,0.761391,0.626872,low,converter,1,0,0,0,correct-low
4903,test,stable,0,0.499662,0.500338,low,stable,1,fitted,0.623196,0.589053,0.623196,low,converter,0,0,0,1,incorrect-low
861,test,converter,1,0.75077,0.75077,low,converter,1,fitted,0.617054,0.641121,0.617054,low,converter,1,0,0,0,correct-low
514,test,converter,1,0.733197,0.733197,low,converter,1,fitted,0.616896,0.612069,0.616896,low,converter,1,0,0,0,correct-low
4928,test,converter,1,0.534347,0.534347,low,converter,1,fitted,0.615332,0.671611,0.615332,low,converter,1,0,0,0,correct-low
505,train,stable,0,0.698822,0.698822,low,converter,0,out_of_fold,0.615176,0.500964,0.615176,low,converter,0,0,0,0,incorrect-low
417,test,stable,0,0.736616,0.736616,low,converter,0,fitted,0.612869,0.636468,0.612869,low,converter,0,0,0,0,incorrect-low
5000,train,stable,0,0.759847,0.759847,low,converter,0,out_of_fold,0.612372,0.684306,0.612372,low,converter,0,0,0,0,incorrect-low
769,train,converter,1,0.699831,0.699831,low,converter,1,out_of_fold,0.612305,0.605616,0.612305,low,converter,1,0,0,0,correct-low
6467,train,converter,1,0.316722,0.683278,low,stable,0,out_of_fold,0.611491,0.570229,0.611491,low,converter,1,0,1,0,correct-low
1210,train,stable,0,0.60814,0.60814,low,converter,0,out_of_fold,0.608499,0.619224,0.608499,low,converter,0,0,0,0,incorrect-low
4035,train,converter,1,0.288201,0.711799,low,stable,0,out_of_fold,0.608228,0.523604,0.608228,low,converter,1,0,1,0,correct-low
4715,train,converter,1,0.479444,0.520556,low,stable,0,out_of_fold,0.606054,0.692851,0.606054,low,converter,1,0,1,0,correct-low
102,test,stable,0,0.667196,0.667196,low,converter,0,fitted,0.60266,0.67158,0.60266,low,converter,0,0,0,0,incorrect-low
6691,test,stable,0,0.323905,0.676095,low,stable,1,fitted,0.601793,0.54577,0.601793,low,converter,0,0,0,1,incorrect-low
1097,train,converter,1,0.60041,0.60041,low,converter,1,out_of_fold,0.601523,0.666824,0.601523,low,converter,1,0,0,0,correct-low
821,test,stable,0,0.692655,0.692655,low,converter,0,fitted,0.601235,0.710071,0.601235,low,converter,0,0,0,0,incorrect-low
6606,train,stable,0,0.500989,0.500989,low,converter,0,out_of_fold,0.599337,0.643684,0.599337,low,converter,0,0,0,0,incorrect-low
243,train,converter,1,0.516816,0.516816,low,converter,1,out_of_fold,0.597152,0.608076,0.597152,low,converter,1,0,0,0,correct-low
544,train,stable,0,0.689803,0.689803,low,converter,0,out_of_fold,0.596206,0.614931,0.596206,low,converter,0,0,0,0,incorrect-low
4096,test,converter,1,0.51162,0.51162,low,converter,1,fitted,0.5959,0.585371,0.5959,low,converter,1,0,0,0,correct-low
5031,test,converter,1,0.648859,0.648859,low,converter,1,fitted,0.595826,0.701494,0.595826,low,converter,1,0,0,0,correct-low
138,train,stable,0,0.607375,0.607375,low,converter,0,out_of_fold,0.594332,0.652102,0.594332,low,converter,0,0,0,0,incorrect-low
950,train,stable,0,0.583388,0.583388,low,converter,0,out_of_fold,0.592586,0.653024,0.592586,low,converter,0,0,0,0,incorrect-low
4987,train,stable,0,0.658644,0.658644,low,converter,0,out_of_fold,0.59062,0.512498,0.59062,low,converter,0,0,0,0,incorrect-low
2205,train,stable,0,0.489434,0.510566,low,stable,1,out_of_fold,0.590364,0.625955,0.590364,low,converter,0,0,0,1,incorrect-low
4102,train,converter,1,0.779322,0.779322,low,converter,1,out_of_fold,0.588,0.713713,0.588,low,converter,1,0,0,0,correct-low
4530,train,converter,1,0.499336,0.500664,low,stable,0,out_of_fold,0.587618,0.488169,0.587618,low,converter,1,0,1,0,correct-low
2083,test,stable,0,0.480669,0.519331,low,stable,1,fitted,0.586148,0.49597,0.586148,low,converter,0,0,0,1,incorrect-low
626,train,converter,1,0.519447,0.519447,low,converter,1,out_of_fold,0.585536,0.641258,0.585536,low,converter,1,0,0,0,correct-low
6777,train,converter,1,0.548608,0.548608,low,converter,1,out_of_fold,0.585267,0.576566,0.585267,low,converter,1,0,0,0,correct-low
256,train,converter,1,0.681226,0.681226,low,converter,1,out_of_fold,0.583147,0.647946,0.583147,low,converter,1,0,0,0,correct-low
4708,train,stable,0,0.456556,0.543444,low,stable,1,out_of_fold,0.582138,0.474262,0.582138,low,converter,0,0,0,1,incorrect-low
388,train,converter,1,0.326138,0.673862,low,stable,0,out_of_fold,0.579869,0.497441,0.579869,low,converter,1,0,1,0,correct-low
1414,train,stable,0,0.408785,0.591215,low,stable,1,out_of_fold,0.579485,0.547246,0.579485,low,converter,0,0,0,1,incorrect-low
4467,train,stable,0,0.49473,0.50527,low,stable,1,out_of_fold,0.577177,0.609043,0.577177,low,converter,0,0,0,1,incorrect-low
409,test,stable,0,0.6603,0.6603,low,converter,0,fitted,0.576993,0.62393,0.576993,low,converter,0,0,0,0,incorrect-low
5026,train,converter,1,0.227038,0.772962,low,stable,0,out_of_fold,0.573654,0.518455,0.573654,low,converter,1,0,1,0,correct-low
725,test,converter,1,0.657346,0.657346,low,converter,1,fitted,0.570336,0.593336,0.570336,low,converter,1,0,0,0,correct-low
1318,train,converter,1,0.581554,0.581554,low,converter,1,out_of_fold,0.567641,0.518181,0.567641,low,converter,1,0,0,0,correct-low
293,train,converter,1,0.510866,0.510866,low,converter,1,out_of_fold,0.567386,0.619426,0.567386,low,converter,1,0,0,0,correct-low
878,train,converter,1,0.569939,0.569939,low,converter,1,out_of_fold,0.56648,0.640303,0.56648,low,converter,1,0,0,0,correct-low
834,train,converter,1,0.461344,0.538656,low,stable,0,out_of_fold,0.565694,0.533143,0.565694,low,converter,1,0,1,0,correct-low
590,test,stable,0,0.753477,0.753477,low,converter,0,fitted,0.565682,0.679743,0.565682,low,converter,0,0,0,0,incorrect-low
4263,train,converter,1,0.416709,0.583291,low,stable,0,out_of_fold,0.564368,0.585687,0.564368,low,converter,1,0,1,0,correct-low
4324,train,converter,1,0.384192,0.615808,low,stable,0,out_of_fold,0.563283,0.43661,0.563283,low,converter,1,0,1,0,correct-low
6877,train,stable,0,0.31052,0.68948,low,stable,1,out_of_fold,0.555305,0.617388,0.555305,low,converter,0,0,0,1,incorrect-low
51,test,converter,1,0.333502,0.666498,low,stable,0,fitted,0.554651,0.564664,0.554651,low,converter,1,0,1,0,correct-low
2248,test,converter,1,0.435062,0.564938,low,stable,0,fitted,0.552642,0.557684,0.552642,low,converter,1,0,1,0,correct-low
4171,test,converter,1,0.372001,0.627999,low,stable,0,fitted,0.551981,0.398155,0.551981,low,converter,1,0,1,0,correct-low
4904,test,stable,0,0.554332,0.554332,low,converter,0,fitted,0.548211,0.51912,0.548211,low,converter,0,0,0,0,incorrect-low
4346,train,converter,1,0.517831,0.517831,low,converter,1,out_of_fold,0.546623,0.590274,0.546623,low,converter,1,0,0,0,correct-low
4943,train,converter,1,0.517267,0.517267,low,converter,1,out_of_fold,0.546253,0.580621,0.546253,low,converter,1,0,0,0,correct-low
6529,train,converter,1,0.35762,0.64238,low,stable,0,out_of_fold,0.543865,0.570289,0.543865,low,converter,1,0,1,0,correct-low
4803,test,stable,0,0.267421,0.732579,low,stable,1,fitted,0.539924,0.636336,0.539924,low,converter,0,0,0,1,incorrect-low
6134,test,stable,0,0.375548,0.624452,low,stable,1,fitted,0.539662,0.451285,0.539662,low,converter,0,0,0,1,incorrect-low
518,test,converter,1,0.36497,0.63503,low,stable,0,fitted,0.539354,0.559297,0.539354,low,converter,1,0,1,0,correct-low
1217,test,converter,1,0.535884,0.535884,low,converter,1,fitted,0.53813,0.488832,0.53813,low,converter,1,0,0,0,correct-low
872,test,converter,1,0.589031,0.589031,low,converter,1,fitted,0.536842,0.468955,0.536842,low,converter,1,0,0,0,correct-low
6034,test,converter,1,0.4545,0.5455,low,stable,0,fitted,0.536016,0.467084,0.536016,low,converter,1,0,1,0,correct-low
4596,train,converter,1,0.308138,0.691862,low,stable,0,out_of_fold,0.535456,0.484587,0.535456,low,converter,1,0,1,0,correct-low
6252,train,converter,1,0.213557,0.786443,low,stable,0,out_of_fold,0.534598,0.361155,0.534598,low,converter,1,0,1,0,correct-low
658,test,converter,1,0.466499,0.533501,low,stable,0,fitted,0.528398,0.609003,0.528398,low,converter,1,0,1,0,correct-low
331,train,converter,1,0.330178,0.669822,low,stable,0,out_of_fold,0.525721,0.442607,0.525721,low,converter,1,0,1,0,correct-low
1247,test,converter,1,0.573042,0.573042,low,converter,1,fitted,0.524822,0.54931,0.524822,low,converter,1,0,0,0,correct-low
697,train,converter,1,0.339632,0.660368,low,stable,0,out_of_fold,0.523915,0.509373,0.523915,low,converter,1,0,1,0,correct-low
214,test,converter,1,0.471388,0.528612,low,stable,0,fitted,0.52193,0.575857,0.52193,low,converter,1,0,1,0,correct-low
855,train,converter,1,0.359908,0.640092,low,stable,0,out_of_fold,0.521431,0.658244,0.521431,low,converter,1,0,1,0,correct-low
4804,train,stable,0,0.26563,0.73437,low,stable,1,out_of_fold,0.520721,0.393235,0.520721,low,converter,0,0,0,1,incorrect-low
644,train,stable,0,0.460481,0.539519,low,stable,1,out_of_fold,0.518249,0.459095,0.518249,low,converter,0,0,0,1,incorrect-low
994,train,converter,1,0.402716,0.597284,low,stable,0,out_of_fold,0.517726,0.512398,0.517726,low,converter,1,0,1,0,correct-low
607,test,stable,0,0.446515,0.553485,low,stable,1,fitted,0.516914,0.51821,0.516914,low,converter,0,0,0,1,incorrect-low
4955,test,stable,0,0.761376,0.761376,low,converter,0,fitted,0.516683,0.661338,0.516683,low,converter,0,0,0,0,incorrect-low
7032,test,converter,1,0.285867,0.714133,low,stable,0,fitted,0.514912,0.443324,0.514912,low,converter,1,0,1,0,correct-low
6742,train,stable,0,0.630758,0.630758,low,converter,0,out_of_fold,0.51398,0.499542,0.51398,low,converter,0,0,0,0,incorrect-low
792,test,stable,0,0.256144,0.743856,low,stable,1,fitted,0.512389,0.473892,0.512389,low,converter,0,0,0,1,incorrect-low
4784,test,converter,1,0.532011,0.532011,low,converter,1,fitted,0.50894,0.501991,0.50894,low,converter,1,0,0,0,correct-low
4919,train,converter,1,0.351004,0.648996,low,stable,0,out_of_fold,0.507059,0.437133,0.507059,low,converter,1,0,1,0,correct-low
6885,train,converter,1,0.66891,0.66891,low,converter,1,out_of_fold,0.502224,0.518239,0.502224,low,converter,1,0,0,0,correct-low
4303,train,converter,1,0.391379,0.608621,low,stable,0,out_of_fold,0.50128,0.490846,0.50128,low,converter,1,0,1,0,correct-low
4743,train,stable,0,0.526806,0.526806,low,converter,0,out_of_fold,0.498891,0.429069,0.501109,low,stable,1,0,1,0,correct-low
442,train,converter,1,0.427157,0.572843,low,stable,0,out_of_fold,0.497756,0.485881,0.502244,low,stable,0,0,0,0,incorrect-low
6341,train,converter,1,0.606558,0.606558,low,converter,1,out_of_fold,0.494243,0.53205,0.505757,low,stable,0,0,0,1,incorrect-low
621,test,stable,0,0.304971,0.695029,low,stable,1,fitted,0.494159,0.588665,0.505841,low,stable,1,0,0,0,correct-low
4301,train,stable,0,0.690388,0.690388,low,converter,0,out_of_fold,0.492335,0.538562,0.507665,low,stable,1,0,1,0,correct-low
4531,train,stable,0,0.410279,0.589721,low,stable,1,out_of_fold,0.491168,0.358648,0.508832,low,stable,1,0,0,0,correct-low
723,train,converter,1,0.611662,0.611662,low,converter,1,out_of_fold,0.491146,0.48717,0.508854,low,stable,0,0,0,1,incorrect-low
4053,train,stable,0,0.271476,0.728524,low,stable,1,out_of_fold,0.487313,0.429369,0.512687,low,stable,1,0,0,0,correct-low
4744,train,stable,0,0.299138,0.700862,low,stable,1,out_of_fold,0.486611,0.518919,0.513389,low,stable,1,0,0,0,correct-low
4809,train,stable,0,0.627833,0.627833,low,converter,0,out_of_fold,0.484852,0.498539,0.515148,low,stable,1,0,1,0,correct-low
326,train,converter,1,0.758409,0.758409,low,converter,1,out_of_fold,0.482782,0.538144,0.517218,low,stable,0,0,0,1,incorrect-low
1225,test,converter,1,0.614128,0.614128,low,converter,1,fitted,0.482467,0.463539,0.517533,low,stable,0,0,0,1,incorrect-low
481,train,stable,0,0.535364,0.535364,low,converter,0,out_of_fold,0.480742,0.478613,0.519258,low,stable,1,0,1,0,correct-low
4444,train,stable,0,0.308298,0.691702,low,stable,1,out_of_fold,0.479272,0.336704,0.520728,low,stable,1,0,0,0,correct-low
4757,train,converter,1,0.294236,0.705764,low,stable,0,out_of_fold,0.472409,0.308214,0.527591,low,stable,0,0,0,0,incorrect-low
839,train,converter,1,0.523441,0.523441,low,converter,1,out_of_fold,0.471943,0.395554,0.528057,low,stable,0,0,0,1,incorrect-low
924,train,stable,0,0.702303,0.702303,low,converter,0,out_of_fold,0.471916,0.526842,0.528084,low,stable,1,0,1,0,correct-low
4918,train,converter,1,0.268182,0.731818,low,stable,0,out_of_fold,0.469764,0.534944,0.530236,low,stable,0,0,0,0,incorrect-low
4058,train,converter,1,0.284452,0.715548,low,stable,0,out_of_fold,0.469735,0.440247,0.530265,low,stable,0,0,0,0,incorrect-low
4059,test,stable,0,0.394322,0.605678,low,stable,1,fitted,0.467268,0.425266,0.532732,low,stable,1,0,0,0,correct-low
4986,test,stable,0,0.516153,0.516153,low,converter,0,fitted,0.467009,0.421745,0.532991,low,stable,1,0,1,0,correct-low
2150,test,stable,0,0.33213,0.66787,low,stable,1,fitted,0.466152,0.385357,0.533848,low,stable,1,0,0,0,correct-low
6627,train,stable,0,0.50808,0.50808,low,converter,0,out_of_fold,0.46328,0.39,0.53672,low,stable,1,0,1,0,correct-low
4888,test,converter,1,0.593541,0.593541,low,converter,1,fitted,0.461154,0.518529,0.538846,low,stable,0,0,0,1,incorrect-low
1043,test,converter,1,0.431904,0.568096,low,stable,0,fitted,0.459207,0.411549,0.540793,low,stable,0,0,0,0,incorrect-low
4636,train,stable,0,0.397144,0.602856,low,stable,1,out_of_fold,0.459086,0.388919,0.540914,low,stable,1,0,0,0,correct-low
57,train,converter,1,0.46306,0.53694,low,stable,0,out_of_fold,0.4582,0.47016,0.5418,low,stable,0,0,0,0,incorrect-low
4857,train,converter,1,0.609148,0.609148,low,converter,1,out_of_fold,0.457829,0.524255,0.542171,low,stable,0,0,0,1,incorrect-low
2130,test,converter,1,0.324478,0.675522,low,stable,0,fitted,0.457394,0.454546,0.542606,low,stable,0,0,0,0,incorrect-low
4582,test,converter,1,0.555053,0.555053,low,converter,1,fitted,0.452937,0.516842,0.547063,low,stable,0,0,0,1,incorrect-low
729,train,converter,1,0.316158,0.683842,low,stable,0,out_of_fold,0.451922,0.472348,0.548078,low,stable,0,0,0,0,incorrect-low
4680,train,converter,1,0.259235,0.740765,low,stable,0,out_of_fold,0.450084,0.390266,0.549916,low,stable,0,0,0,0,incorrect-low
6805,test,converter,1,0.470485,0.529515,low,stable,0,fitted,0.448896,0.465661,0.551104,low,stable,0,0,0,0,incorrect-low
4462,train,converter,1,0.314209,0.685791,low,stable,0,out_of_fold,0.448577,0.508446,0.551423,low,stable,0,0,0,0,incorrect-low
4162,train,converter,1,0.414236,0.585764,low,stable,0,out_of_fold,0.444502,0.33576,0.555498,low,stable,0,0,0,0,incorrect-low
6916,train,converter,1,0.303844,0.696156,low,stable,0,out_of_fold,0.442229,0.437495,0.557771,low,stable,0,0,0,0,incorrect-low
2391,train,converter,1,0.415322,0.584678,low,stable,0,out_of_fold,0.440805,0.500248,0.559195,low,stable,0,0,0,0,incorrect-low
4902,train,converter,1,0.35373,0.64627,low,stable,0,out_of_fold,0.44062,0.461831,0.55938,low,stable,0,0,0,0,incorrect-low
4005,train,converter,1,0.466817,0.533183,low,stable,0,out_of_fold,0.439496,0.419396,0.560504,low,stable,0,0,0,0,incorrect-low
2109,train,stable,0,0.299912,0.700088,low,stable,1,out_of_fold,0.439297,0.401072,0.560703,low,stable,1,0,0,0,correct-low
851,train,stable,0,0.431521,0.568479,low,stable,1,out_of_fold,0.438471,0.401966,0.561529,low,stable,1,0,0,0,correct-low
1046,train,stable,0,0.600715,0.600715,low,converter,0,out_of_fold,0.438293,0.510044,0.561707,low,stable,1,0,1,0,correct-low
1140,train,stable,0,0.743406,0.743406,low,converter,0,out_of_fold,0.435937,0.472204,0.564063,low,stable,1,0,1,0,correct-low
7023,test,stable,0,0.422682,0.577318,low,stable,1,fitted,0.434921,0.519127,0.565079,low,stable,1,0,0,0,correct-low
4186,train,stable,0,0.463858,0.536142,low,stable,1,out_of_fold,0.434774,0.516616,0.565226,low,stable,1,0,0,0,correct-low
449,train,stable,0,0.296595,0.703405,low,stable,1,out_of_fold,0.432254,0.330895,0.567746,low,stable,1,0,0,0,correct-low
6760,test,stable,0,0.453534,0.546466,low,stable,1,fitted,0.43046,0.362645,0.56954,low,stable,1,0,0,0,correct-low
1351,train,converter,1,0.315424,0.684576,low,stable,0,out_of_fold,0.430438,0.448904,0.569562,low,stable,0,0,0,0,incorrect-low
4868,test,stable,0,0.485139,0.514861,low,stable,1,fitted,0.430252,0.401335,0.569748,low,stable,1,0,0,0,correct-low
1116,train,converter,1,0.658614,0.658614,low,converter,1,out_of_fold,0.429445,0.626004,0.570555,low,stable,0,0,0,1,incorrect-low
4624,test,stable,0,0.301969,0.698031,low,stable,1,fitted,0.428698,0.486423,0.571302,low,stable,1,0,0,0,correct-low
2274,test,converter,1,0.316865,0.683135,low,stable,0,fitted,0.427411,0.548723,0.572589,low,stable,0,0,0,0,incorrect-low
314,train,converter,1,0.536404,0.536404,low,converter,1,out_of_fold,0.426516,0.515502,0.573484,low,stable,0,0,0,1,incorrect-low
285,train,converter,1,0.284125,0.715875,low,stable,0,out_of_fold,0.426363,0.359346,0.573637,low,stable,0,0,0,0,incorrect-low
4423,train,stable,0,0.322803,0.677197,low,stable,1,out_of_fold,0.423828,0.346341,0.576172,low,stable,1,0,0,0,correct-low
6241,train,converter,1,0.354144,0.645856,low,stable,0,out_of_fold,0.422688,0.398509,0.577312,low,stable,0,0,0,0,incorrect-low
4363,train,converter,1,0.365279,0.634721,low,stable,0,out_of_fold,0.421114,0.439369,0.578886,low,stable,0,0,0,0,incorrect-low
2213,train,converter,1,0.43005,0.56995,low,stable,0,out_of_fold,0.417732,0.326207,0.582268,low,stable,0,0,0,0,incorrect-low
1269,train,stable,0,0.267417,0.732583,low,stable,1,out_of_fold,0.416419,0.422826,0.583581,low,stable,1,0,0,0,correct-low
6884,train,stable,0,0.339972,0.660028,low,stable,1,out_of_fold,0.413179,0.433496,0.586821,low,stable,1,0,0,0,correct-low
2079,train,stable,0,0.241128,0.758872,low,stable,1,out_of_fold,0.413136,0.399929,0.586864,low,stable,1,0,0,0,correct-low
2398,train,converter,1,0.426916,0.573084,low,stable,0,out_of_fold,0.412933,0.422845,0.587067,low,stable,0,0,0,0,incorrect-low
4920,train,stable,0,0.504187,0.504187,low,converter,0,out_of_fold,0.410546,0.471317,0.589454,low,stable,1,0,1,0,correct-low
424,test,converter,1,0.500274,0.500274,low,converter,1,fitted,0.409771,0.439825,0.590229,low,stable,0,0,0,1,incorrect-low
4250,test,converter,1,0.339164,0.660836,low,stable,0,fitted,0.408466,0.465789,0.591534,low,stable,0,0,0,0,incorrect-low
4605,train,stable,0,0.278006,0.721994,low,stable,1,out_of_fold,0.406847,0.403838,0.593153,low,stable,1,0,0,0,correct-low
5007,train,stable,0,0.318427,0.681573,low,stable,1,out_of_fold,0.404714,0.333991,0.595286,low,stable,1,0,0,0,correct-low
2403,train,converter,1,0.51527,0.51527,low,converter,1,out_of_fold,0.404651,0.476112,0.595349,low,stable,0,0,0,1,incorrect-low
800,train,stable,0,0.355839,0.644161,low,stable,1,out_of_fold,0.404369,0.431393,0.595631,low,stable,1,0,0,0,correct-low
1051,train,stable,0,0.710114,0.710114,low,converter,0,out_of_fold,0.402936,0.349906,0.597064,low,stable,1,0,1,0,correct-low
748,train,stable,0,0.453769,0.546231,low,stable,1,out_of_fold,0.399474,0.531078,0.600526,low,stable,1,0,0,0,correct-low
4807,train,converter,1,0.402558,0.597442,low,stable,0,out_of_fold,0.398536,0.410356,0.601464,low,stable,0,0,0,0,incorrect-low
4547,train,converter,1,0.229155,0.770845,low,stable,0,out_of_fold,0.396888,0.378998,0.603112,low,stable,0,0,0,0,incorrect-low
2171,train,stable,0,0.387589,0.612411,low,stable,1,out_of_fold,0.394925,0.428063,0.605075,low,stable,1,0,0,0,correct-low
4893,train,converter,1,0.297258,0.702742,low,stable,0,out_of_fold,0.394161,0.388942,0.605839,low,stable,0,0,0,0,incorrect-low
2216,train,converter,1,0.406979,0.593021,low,stable,0,out_of_fold,0.39277,0.364039,0.60723,low,stable,0,0,0,0,incorrect-low
4185,train,stable,0,0.406186,0.593814,low,stable,1,out_of_fold,0.391865,0.368189,0.608135,low,stable,1,0,0,0,correct-low
906,train,converter,1,0.401698,0.598302,low,stable,0,out_of_fold,0.39044,0.334459,0.60956,low,stable,0,0,0,0,incorrect-low
2167,train,stable,0,0.448762,0.551238,low,stable,1,out_of_fold,0.388056,0.382382,0.611944,low,stable,1,0,0,0,correct-low
4877,test,stable,0,0.224301,0.775699,low,stable,1,fitted,0.387611,0.31733,0.612389,low,stable,1,0,0,0,correct-low
291,test,stable,0,0.431716,0.568284,low,stable,1,fitted,0.386772,0.381235,0.613228,low,stable,1,0,0,0,correct-low
4507,train,converter,1,0.439597,0.560403,low,stable,0,out_of_fold,0.38477,0.37439,0.61523,low,stable,0,0,0,0,incorrect-low
1321,train,stable,0,0.422845,0.577155,low,stable,1,out_of_fold,0.383721,0.369172,0.616279,low,stable,1,0,0,0,correct-low
42,test,converter,1,0.557622,0.557622,low,converter,1,fitted,0.382207,0.376066,0.617793,low,stable,0,0,0,1,incorrect-low
2018,train,stable,0,0.233734,0.766266,low,stable,1,out_of_fold,0.381712,0.212432,0.618288,low,stable,1,0,0,0,correct-low
4597,test,converter,1,0.450134,0.549866,low,stable,0,fitted,0.381122,0.282255,0.618878,low,stable,0,0,0,0,incorrect-low
6679,train,stable,0,0.289954,0.710046,low,stable,1,out_of_fold,0.38063,0.380113,0.61937,low,stable,1,0,0,0,correct-low
2193,train,stable,0,0.361152,0.638848,low,stable,1,out_of_fold,0.380206,0.351587,0.619794,low,stable,1,0,0,0,correct-low
1168,train,stable,0,0.548583,0.548583,low,converter,0,out_of_fold,0.379772,0.334541,0.620228,low,stable,1,0,1,0,correct-low
634,test,stable,0,0.562906,0.562906,low,converter,0,fitted,0.379207,0.449435,0.620793,low,stable,1,0,1,0,correct-low
2380,train,converter,1,0.297626,0.702374,low,stable,0,out_of_fold,0.378967,0.407009,0.621033,low,stable,0,0,0,0,incorrect-low
4311,train,stable,0,0.367703,0.632297,low,stable,1,out_of_fold,0.37879,0.319271,0.62121,low,stable,1,0,0,0,correct-low
2055,train,stable,0,0.337126,0.662874,low,stable,1,out_of_fold,0.378184,0.474359,0.621816,low,stable,1,0,0,0,correct-low
4420,train,stable,0,0.216396,0.783604,low,stable,1,out_of_fold,0.377505,0.333698,0.622495,low,stable,1,0,0,0,correct-low
625,train,converter,1,0.588408,0.588408,low,converter,1,out_of_fold,0.37724,0.574191,0.62276,low,stable,0,0,0,1,incorrect-low
1033,train,converter,1,0.653874,0.653874,low,converter,1,out_of_fold,0.376728,0.523988,0.623272,low,stable,0,0,0,1,incorrect-low
4030,train,converter,1,0.370461,0.629539,low,stable,0,out_of_fold,0.376226,0.420812,0.623774,low,stable,0,0,0,0,incorrect-low
2068,train,stable,0,0.437345,0.562655,low,stable,1,out_of_fold,0.375803,0.361317,0.624197,low,stable,1,0,0,0,correct-low
6586,train,stable,0,0.264233,0.735767,low,stable,1,out_of_fold,0.374849,0.334531,0.625151,low,stable,1,0,0,0,correct-low
5160,train,stable,0,0.320442,0.679558,low,stable,1,out_of_fold,0.374578,0.407058,0.625422,low,stable,1,0,0,0,correct-low
4189,test,converter,1,0.455268,0.544732,low,stable,0,fitted,0.369646,0.466434,0.630354,low,stable,0,0,0,0,incorrect-low
4646,train,stable,0,0.211674,0.788326,low,stable,1,out_of_fold,0.36874,0.328589,0.63126,low,stable,1,0,0,0,correct-low
448,train,converter,1,0.548978,0.548978,low,converter,1,out_of_fold,0.36077,0.371255,0.63923,low,stable,0,0,0,1,incorrect-low
2100,train,stable,0,0.434127,0.565873,low,stable,1,out_of_fold,0.360312,0.452402,0.639688,low,stable,1,0,0,0,correct-low
2052,test,stable,0,0.314915,0.685085,low,stable,1,fitted,0.359869,0.325456,0.640131,low,stable,1,0,0,0,correct-low
4042,train,converter,1,0.373415,0.626585,low,stable,0,out_of_fold,0.358649,0.361059,0.641351,low,stable,0,0,0,0,incorrect-low
135,train,converter,1,0.426059,0.573941,low,stable,0,out_of_fold,0.358102,0.489304,0.641898,low,stable,0,0,0,0,incorrect-low
2367,test,converter,1,0.489764,0.510236,low,stable,0,fitted,0.357649,0.292561,0.642351,low,stable,0,0,0,0,incorrect-low
4513,test,stable,0,0.317563,0.682437,low,stable,1,fitted,0.356064,0.307965,0.643936,low,stable,1,0,0,0,correct-low
394,train,converter,1,0.574158,0.574158,low,converter,1,out_of_fold,0.355545,0.535411,0.644455,low,stable,0,0,0,1,incorrect-low
4805,train,stable,0,0.361932,0.638068,low,stable,1,out_of_fold,0.354706,0.407016,0.645294,low,stable,1,0,0,0,correct-low
4849,train,stable,0,0.365616,0.634384,low,stable,1,out_of_fold,0.353558,0.3896,0.646442,low,stable,1,0,0,0,correct-low
1030,test,converter,1,0.484409,0.515591,low,stable,0,fitted,0.353547,0.388173,0.646453,low,stable,0,0,0,0,incorrect-low
1088,test,stable,0,0.597931,0.597931,low,converter,0,fitted,0.351099,0.448739,0.648901,low,stable,1,0,1,0,correct-low
6047,test,stable,0,0.297128,0.702872,low,stable,1,fitted,0.349694,0.266958,0.650306,low,stable,1,0,0,0,correct-low
2142,test,stable,0,0.331796,0.668204,low,stable,1,fitted,0.349241,0.350417,0.650759,low,stable,1,0,0,0,correct-low
1268,train,converter,1,0.431012,0.568988,low,stable,0,out_of_fold,0.34905,0.378731,0.65095,low,stable,0,0,0,0,incorrect-low
2194,test,stable,0,0.432753,0.567247,low,stable,1,fitted,0.347572,0.382837,0.652428,low,stable,1,0,0,0,correct-low
1419,train,stable,0,0.269278,0.730722,low,stable,1,out_of_fold,0.347298,0.406569,0.652702,low,stable,1,0,0,0,correct-low
4260,train,stable,0,0.28175,0.71825,low,stable,1,out_of_fold,0.341503,0.296716,0.658497,low,stable,1,0,0,0,correct-low
4067,train,stable,0,0.445384,0.554616,low,stable,1,out_of_fold,0.340598,0.35086,0.659402,low,stable,1,0,0,0,correct-low
6426,train,stable,0,0.28573,0.71427,low,stable,1,out_of_fold,0.340566,0.40785,0.659434,low,stable,1,0,0,0,correct-low
4936,train,converter,1,0.322873,0.677127,low,stable,0,out_of_fold,0.340453,0.419309,0.659547,low,stable,0,0,0,0,incorrect-low
4245,train,converter,1,0.381613,0.618387,low,stable,0,out_of_fold,0.340097,0.216715,0.659903,low,stable,0,0,0,0,incorrect-low
2196,test,stable,0,0.250249,0.749751,low,stable,1,fitted,0.338652,0.291562,0.661348,low,stable,1,0,0,0,correct-low
4502,train,converter,1,0.297266,0.702734,low,stable,0,out_of_fold,0.338382,0.423375,0.661618,low,stable,0,0,0,0,incorrect-low
6315,train,stable,0,0.440557,0.559443,low,stable,1,out_of_fold,0.336806,0.407915,0.663194,low,stable,1,0,0,0,correct-low
4447,train,stable,0,0.276658,0.723342,low,stable,1,out_of_fold,0.335756,0.348118,0.664244,low,stable,1,0,0,0,correct-low
4414,train,converter,1,0.311302,0.688698,low,stable,0,out_of_fold,0.332635,0.511261,0.667365,low,stable,0,0,0,0,incorrect-low
4897,train,stable,0,0.451324,0.548676,low,stable,1,out_of_fold,0.331808,0.40448,0.668192,low,stable,1,0,0,0,correct-low
4073,train,stable,0,0.301883,0.698117,low,stable,1,out_of_fold,0.329381,0.312097,0.670619,low,stable,1,0,0,0,correct-low
4403,train,stable,0,0.401761,0.598239,low,stable,1,out_of_fold,0.328295,0.470816,0.671705,low,stable,1,0,0,0,correct-low
880,test,stable,0,0.452423,0.547577,low,stable,1,fitted,0.32748,0.241998,0.67252,low,stable,1,0,0,0,correct-low
6894,train,stable,0,0.281834,0.718166,low,stable,1,out_of_fold,0.327352,0.291332,0.672648,low,stable,1,0,0,0,correct-low
1106,train,converter,1,0.360962,0.639038,low,stable,0,out_of_fold,0.324514,0.359941,0.675486,low,stable,0,0,0,0,incorrect-low
4377,test,stable,0,0.317657,0.682343,low,stable,1,fitted,0.324325,0.340422,0.675675,low,stable,1,0,0,0,correct-low
5014,test,stable,0,0.349416,0.650584,low,stable,1,fitted,0.322729,0.323947,0.677271,low,stable,1,0,0,0,correct-low
240,test,converter,1,0.728999,0.728999,low,converter,1,fitted,0.322599,0.345234,0.677401,low,stable,0,0,0,1,incorrect-low
4611,test,stable,0,0.347382,0.652618,low,stable,1,fitted,0.322074,0.329524,0.677926,low,stable,1,0,0,0,correct-low
6073,test,converter,1,0.248581,0.751419,low,stable,0,fitted,0.321506,0.214319,0.678494,low,stable,0,0,0,0,incorrect-low
4214,train,stable,0,0.37101,0.62899,low,stable,1,out_of_fold,0.317963,0.212753,0.682037,low,stable,1,0,0,0,correct-low
598,train,stable,0,0.72031,0.72031,low,converter,0,out_of_fold,0.317774,0.398267,0.682226,low,stable,1,0,1,0,correct-low
4007,train,stable,0,0.262067,0.737933,low,stable,1,out_of_fold,0.312766,0.2765,0.687234,low,stable,1,0,0,0,correct-low
1352,train,stable,0,0.679198,0.679198,low,converter,0,out_of_fold,0.309167,0.19052,0.690833,low,stable,1,0,1,0,correct-low
4406,train,converter,1,0.260857,0.739143,low,stable,0,out_of_fold,0.30686,0.317458,0.69314,low,stable,0,0,0,0,incorrect-low
6731,train,converter,1,0.379053,0.620947,low,stable,0,out_of_fold,0.304983,0.292787,0.695017,low,stable,0,0,0,0,incorrect-low
6236,train,converter,1,0.217896,0.782104,low,stable,0,out_of_fold,0.300194,0.305828,0.699806,low,stable,0,0,0,0,incorrect-low
231,train,converter,1,0.480203,0.519797,low,stable,0,out_of_fold,0.298856,0.435056,0.701144,low,stable,0,0,0,0,incorrect-low
4244,test,stable,0,0.316244,0.683756,low,stable,1,fitted,0.298856,0.260748,0.701144,low,stable,1,0,0,0,correct-low
6268,train,stable,0,0.293814,0.706186,low,stable,1,out_of_fold,0.29707,0.241521,0.70293,low,stable,1,0,0,0,correct-low
4426,test,converter,1,0.48564,0.51436,low,stable,0,fitted,0.296938,0.363585,0.703062,low,stable,0,0,0,0,incorrect-low
932,test,stable,0,0.446691,0.553309,low,stable,1,fitted,0.2963,0.401915,0.7037,low,stable,1,0,0,0,correct-low
6483,train,converter,1,0.305315,0.694685,low,stable,0,out_of_fold,0.292461,0.361274,0.707539,low,stable,0,0,0,0,incorrect-low
4817,test,stable,0,0.425144,0.574856,low,stable,1,fitted,0.288066,0.297354,0.711934,low,stable,1,0,0,0,correct-low
4679,train,stable,0,0.208271,0.791729,low,stable,1,out_of_fold,0.287849,0.191548,0.712151,low,stable,1,0,0,0,correct-low
6180,train,stable,0,0.440129,0.559871,low,stable,1,out_of_fold,0.286205,0.245488,0.713795,low,stable,1,0,0,0,correct-low
4557,test,stable,0,0.502779,0.502779,low,converter,0,fitted,0.285313,0.339189,0.714687,low,stable,1,0,1,0,correct-low
4243,train,converter,1,0.41052,0.58948,low,stable,0,out_of_fold,0.284896,0.470281,0.715104,low,stable,0,0,0,0,incorrect-low
1330,train,stable,0,0.494025,0.505975,low,stable,1,out_of_fold,0.284773,0.334028,0.715227,low,stable,1,0,0,0,correct-low
4553,train,stable,0,0.201703,0.798297,low,stable,1,out_of_fold,0.283614,0.233869,0.716386,low,stable,1,0,0,0,correct-low
4945,train,converter,1,0.349895,0.650105,low,stable,0,out_of_fold,0.282853,0.341867,0.717147,low,stable,0,0,0,0,incorrect-low
4359,train,stable,0,0.230071,0.769929,low,stable,1,out_of_fold,0.281039,0.274638,0.718961,low,stable,1,0,0,0,correct-low
6356,test,stable,0,0.345446,0.654554,low,stable,1,fitted,0.278652,0.354057,0.721348,low,stable,1,0,0,0,correct-low
4538,test,converter,1,0.325787,0.674213,low,stable,0,fitted,0.277933,0.35235,0.722067,low,stable,0,0,0,0,incorrect-low
2307,train,stable,0,0.401406,0.598594,low,stable,1,out_of_fold,0.277576,0.312087,0.722424,low,stable,1,0,0,0,correct-low
407,test,stable,0,0.327679,0.672321,low,stable,1,fitted,0.275595,0.294717,0.724405,low,stable,1,0,0,0,correct-low
1265,test,converter,1,0.694523,0.694523,low,converter,1,fitted,0.274212,0.552743,0.725788,low,stable,0,0,0,1,incorrect-low
4714,train,converter,1,0.219385,0.780615,low,stable,0,out_of_fold,0.271728,0.246739,0.728272,low,stable,0,0,0,0,incorrect-low
2047,train,converter,1,0.26496,0.73504,low,stable,0,out_of_fold,0.270559,0.295285,0.729441,low,stable,0,0,0,0,incorrect-low
4456,train,stable,0,0.272258,0.727742,low,stable,1,out_of_fold,0.269262,0.288244,0.730738,low,stable,1,0,0,0,correct-low
4,train,stable,0,0.462044,0.537956,low,stable,1,out_of_fold,0.269177,0.277513,0.730823,low,stable,1,0,0,0,correct-low
4659,train,converter,1,0.415536,0.584464,low,stable,0,out_of_fold,0.267739,0.326741,0.732261,low,stable,0,0,0,0,incorrect-low
2058,train,stable,0,0.354201,0.645799,low,stable,1,out_of_fold,0.267425,0.318352,0.732575,low,stable,1,0,0,0,correct-low
1045,test,stable,0,0.476851,0.523149,low,stable,1,fitted,0.26452,0.244472,0.73548,low,stable,1,0,0,0,correct-low
4272,train,converter,1,0.457882,0.542118,low,stable,0,out_of_fold,0.263789,0.307605,0.736211,low,stable,0,0,0,0,incorrect-low
4408,test,stable,0,0.231477,0.768523,low,stable,1,fitted,0.263624,0.306227,0.736376,low,stable,1,0,0,0,correct-low
4661,train,converter,1,0.207372,0.792628,low,stable,0,out_of_fold,0.261105,0.254362,0.738895,low,stable,0,0,0,0,incorrect-low
4300,train,stable,0,0.345843,0.654157,low,stable,1,out_of_fold,0.261075,0.327437,0.738925,low,stable,1,0,0,0,correct-low
4404,train,converter,1,0.24959,0.75041,low,stable,0,out_of_fold,0.260587,0.272037,0.739413,low,stable,0,0,0,0,incorrect-low
4925,train,stable,0,0.33764,0.66236,low,stable,1,out_of_fold,0.259786,0.326274,0.740214,low,stable,1,0,0,0,correct-low
4621,test,stable,0,0.209832,0.790168,low,stable,1,fitted,0.258123,0.19807,0.741877,low,stable,1,0,0,0,correct-low
2063,train,stable,0,0.221316,0.778684,low,stable,1,out_of_fold,0.257744,0.218388,0.742256,low,stable,1,0,0,0,correct-low
4160,test,stable,0,0.525429,0.525429,low,converter,0,fitted,0.257596,0.34655,0.742404,low,stable,1,0,1,0,correct-low
6682,train,stable,0,0.215563,0.784437,low,stable,1,out_of_fold,0.256701,0.30898,0.743299,low,stable,1,0,0,0,correct-low
4271,test,converter,1,0.453461,0.546539,low,stable,0,fitted,0.256473,0.335482,0.743527,low,stable,0,0,0,0,incorrect-low
401,train,stable,0,0.310865,0.689135,low,stable,1,out_of_fold,0.255561,0.243809,0.744439,low,stable,1,0,0,0,correct-low
4898,train,stable,0,0.333741,0.666259,low,stable,1,out_of_fold,0.25519,0.272023,0.74481,low,stable,1,0,0,0,correct-low
4235,test,stable,0,0.244314,0.755686,low,stable,1,fitted,0.253835,0.2802,0.746165,low,stable,1,0,0,0,correct-low
2042,test,stable,0,0.3125,0.6875,low,stable,1,fitted,0.25246,0.370817,0.74754,low,stable,1,0,0,0,correct-low
2407,train,stable,0,0.611993,0.611993,low,converter,0,out_of_fold,0.252043,0.299326,0.747957,low,stable,1,0,1,0,correct-low
4668,train,converter,1,0.34219,0.65781,low,stable,0,out_of_fold,0.251912,0.24613,0.748088,low,stable,0,0,0,0,incorrect-low
4138,train,converter,1,0.620517,0.620517,low,converter,1,out_of_fold,0.250728,0.218211,0.749272,low,stable,0,0,0,1,incorrect-low
4392,train,stable,0,0.388216,0.611784,low,stable,1,out_of_fold,0.248696,0.402798,0.751304,low,stable,1,0,0,0,correct-low
579,train,stable,0,0.627507,0.627507,low,converter,0,out_of_fold,0.248652,0.215867,0.751348,low,stable,1,0,1,0,correct-low
446,train,stable,0,0.675961,0.675961,low,converter,0,out_of_fold,0.24809,0.253114,0.75191,low,stable,1,0,1,0,correct-low
6463,train,stable,0,0.7626,0.7626,low,converter,0,out_of_fold,0.247603,0.362222,0.752397,low,stable,1,0,1,0,correct-low
4917,train,stable,0,0.410185,0.589815,low,stable,1,out_of_fold,0.246025,0.210843,0.753975,low,stable,1,0,0,0,correct-low
2190,train,stable,0,0.274027,0.725973,low,stable,1,out_of_fold,0.244736,0.24661,0.755264,low,stable,1,0,0,0,correct-low
6143,test,stable,0,0.516182,0.516182,low,converter,0,fitted,0.244259,0.164548,0.755741,low,stable,1,0,1,0,correct-low
4251,train,stable,0,0.304154,0.695846,low,stable,1,out_of_fold,0.243569,0.247239,0.756431,low,stable,1,0,0,0,correct-low
2389,train,stable,0,0.269997,0.730003,low,stable,1,out_of_fold,0.241856,0.197421,0.758144,low,stable,1,0,0,0,correct-low
1034,train,stable,0,0.555465,0.555465,low,converter,0,out_of_fold,0.241529,0.256847,0.758471,low,stable,1,0,1,0,correct-low
4721,train,converter,1,0.35181,0.64819,low,stable,0,out_of_fold,0.240425,0.236934,0.759575,low,stable,0,0,0,0,incorrect-low
4764,train,stable,0,0.301399,0.698601,low,stable,1,out_of_fold,0.239589,0.340161,0.760411,low,stable,1,0,0,0,correct-low
4767,test,stable,0,0.201381,0.798619,low,stable,1,fitted,0.238935,0.225506,0.761065,low,stable,1,0,0,0,correct-low
4876,train,stable,0,0.337199,0.662801,low,stable,1,out_of_fold,0.238167,0.282711,0.761833,low,stable,1,0,0,0,correct-low
2026,test,stable,0,0.416942,0.583058,low,stable,1,fitted,0.236382,0.221613,0.763618,low,stable,1,0,0,0,correct-low
4287,train,stable,0,0.310784,0.689216,low,stable,1,out_of_fold,0.236236,0.394725,0.763764,low,stable,1,0,0,0,correct-low
6479,train,stable,0,0.235869,0.764131,low,stable,1,out_of_fold,0.234972,0.305328,0.765028,low,stable,1,0,0,0,correct-low
4351,train,stable,0,0.347881,0.652119,low,stable,1,out_of_fold,0.233273,0.246991,0.766727,low,stable,1,0,0,0,correct-low
429,train,converter,1,0.325111,0.674889,low,stable,0,out_of_fold,0.233182,0.291731,0.766818,low,stable,0,0,0,0,incorrect-low
2199,train,stable,0,0.26581,0.73419,low,stable,1,out_of_fold,0.233106,0.300417,0.766894,low,stable,1,0,0,0,correct-low
4777,train,converter,1,0.311471,0.688529,low,stable,0,out_of_fold,0.229235,0.240083,0.770765,low,stable,0,0,0,0,incorrect-low
2333,test,stable,0,0.324016,0.675984,low,stable,1,fitted,0.227916,0.288941,0.772084,low,stable,1,0,0,0,correct-low
4302,test,stable,0,0.27711,0.72289,low,stable,1,fitted,0.223574,0.246777,0.776426,low,stable,1,0,0,0,correct-low
6897,train,stable,0,0.300886,0.699114,low,stable,1,out_of_fold,0.221786,0.195425,0.778214,low,stable,1,0,0,0,correct-low
4565,test,stable,0,0.305525,0.694475,low,stable,1,fitted,0.221373,0.306292,0.778627,low,stable,1,0,0,0,correct-low
2045,train,stable,0,0.285711,0.714289,low,stable,1,out_of_fold,0.217898,0.178071,0.782102,low,stable,1,0,0,0,correct-low
2125,train,stable,0,0.409441,0.590559,low,stable,1,out_of_fold,0.216584,0.351406,0.783416,low,stable,1,0,0,0,correct-low
2336,train,stable,0,0.281879,0.718121,low,stable,1,out_of_fold,0.213049,0.232489,0.786951,low,stable,1,0,0,0,correct-low
4626,train,stable,0,0.509811,0.509811,low,converter,0,out_of_fold,0.208132,0.234471,0.791868,low,stable,1,0,1,0,correct-low
6702,train,stable,0,0.266462,0.733538,low,stable,1,out_of_fold,0.206921,0.227749,0.793079,low,stable,1,0,0,0,correct-low
6635,train,stable,0,0.235384,0.764616,low,stable,1,out_of_fold,0.206452,0.210996,0.793548,low,stable,1,0,0,0,correct-low
4256,train,stable,0,0.36939,0.63061,low,stable,1,out_of_fold,0.205748,0.190433,0.794252,low,stable,1,0,0,0,correct-low
4614,train,stable,0,0.223518,0.776482,low,stable,1,out_of_fold,0.205412,0.137895,0.794588,low,stable,1,0,0,0,correct-low
4653,test,stable,0,0.247953,0.752047,low,stable,1,fitted,0.20151,0.163467,0.79849,low,stable,1,0,0,0,correct-low
4157,train,converter,1,0.333925,0.666075,low,stable,0,out_of_fold,0.201266,0.244959,0.798734,low,stable,0,0,0,0,incorrect-low
4536,train,stable,0,0.342142,0.657858,low,stable,1,out_of_fold,0.200333,0.12948,0.799667,low,stable,1,0,0,0,correct-low
6056,train,stable,0,0.221378,0.778622,low,stable,1,out_of_fold,0.199746,0.117978,0.800254,high,stable,1,1,0,0,correct-high
1077,test,converter,1,0.433737,0.566263,low,stable,0,fitted,0.199683,0.286388,0.800317,high,stable,0,1,0,0,incorrect-high
4012,test,stable,0,0.229311,0.770689,low,stable,1,fitted,0.198126,0.219112,0.801874,high,stable,1,1,0,0,correct-high
6052,train,stable,0,0.659137,0.659137,low,converter,0,out_of_fold,0.194878,0.23873,0.805122,high,stable,1,1,1,0,correct-high
2374,test,stable,0,0.550846,0.550846,low,converter,0,fitted,0.193579,0.220785,0.806421,high,stable,1,1,1,0,correct-high
2405,train,stable,0,0.284963,0.715037,low,stable,1,out_of_fold,0.193262,0.169353,0.806738,high,stable,1,1,0,0,correct-high
6258,train,stable,0,0.203262,0.796738,low,stable,1,out_of_fold,0.191514,0.216353,0.808486,high,stable,1,1,0,0,correct-high
2247,train,stable,0,0.377449,0.622551,low,stable,1,out_of_fold,0.190442,0.212431,0.809558,high,stable,1,1,0,0,correct-high
4063,train,stable,0,0.238967,0.761033,low,stable,1,out_of_fold,0.190143,0.125927,0.809857,high,stable,1,1,0,0,correct-high
6544,train,stable,0,0.247327,0.752673,low,stable,1,out_of_fold,0.188369,0.206182,0.811631,high,stable,1,1,0,0,correct-high
5135,test,stable,0,0.305224,0.694776,low,stable,1,fitted,0.187484,0.205737,0.812516,high,stable,1,1,0,0,correct-high
4548,test,stable,0,0.287873,0.712127,low,stable,1,fitted,0.185159,0.165075,0.814841,high,stable,1,1,0,0,correct-high
4539,train,stable,0,0.214413,0.785587,low,stable,1,out_of_fold,0.184869,0.132323,0.815131,high,stable,1,1,0,0,correct-high
1183,train,stable,0,0.559599,0.559599,low,converter,0,out_of_fold,0.182629,0.207098,0.817371,high,stable,1,1,1,0,correct-high
4202,train,stable,0,0.232423,0.767577,low,stable,1,out_of_fold,0.182032,0.129387,0.817968,high,stable,1,1,0,0,correct-high
2390,test,stable,0,0.277301,0.722699,low,stable,1,fitted,0.181244,0.365251,0.818756,high,stable,1,1,0,0,correct-high
4187,test,stable,0,0.232564,0.767436,low,stable,1,fitted,0.180413,0.139348,0.819587,high,stable,1,1,0,0,correct-high
4889,train,stable,0,0.236417,0.763583,low,stable,1,out_of_fold,0.177366,0.187387,0.822634,high,stable,1,1,0,0,correct-high
2022,train,stable,0,0.212701,0.787299,low,stable,1,out_of_fold,0.176536,0.215135,0.823464,high,stable,1,1,0,0,correct-high
4524,train,stable,0,0.297093,0.702907,low,stable,1,out_of_fold,0.175742,0.259349,0.824258,high,stable,1,1,0,0,correct-high
4354,train,converter,1,0.414508,0.585492,low,stable,0,out_of_fold,0.172757,0.224136,0.827243,high,stable,0,1,0,0,incorrect-high
1260,train,stable,0,0.459598,0.540402,low,stable,1,out_of_fold,0.167492,0.125508,0.832508,high,stable,1,1,0,0,correct-high
4806,train,stable,0,0.260078,0.739922,low,stable,1,out_of_fold,0.166697,0.160656,0.833303,high,stable,1,1,0,0,correct-high
4742,train,stable,0,0.22729,0.77271,low,stable,1,out_of_fold,0.16621,0.112533,0.83379,high,stable,1,1,0,0,correct-high
2284,train,stable,0,0.358868,0.641132,low,stable,1,out_of_fold,0.165012,0.214846,0.834988,high,stable,1,1,0,0,correct-high
4960,train,stable,0,0.495642,0.504358,low,stable,1,out_of_fold,0.160698,0.123517,0.839302,high,stable,1,1,0,0,correct-high
4149,train,converter,1,0.234959,0.765041,low,stable,0,out_of_fold,0.159665,0.163355,0.840335,high,stable,0,1,0,0,incorrect-high
6427,train,stable,0,0.269425,0.730575,low,stable,1,out_of_fold,0.157473,0.104819,0.842527,high,stable,1,1,0,0,correct-high
6875,train,stable,0,0.277016,0.722984,low,stable,1,out_of_fold,0.156228,0.202356,0.843772,high,stable,1,1,0,0,correct-high
1418,train,stable,0,0.239312,0.760688,low,stable,1,out_of_fold,0.154825,0.162176,0.845175,high,stable,1,1,0,0,correct-high
2237,train,stable,0,0.409764,0.590236,low,stable,1,out_of_fold,0.153915,0.188291,0.846085,high,stable,1,1,0,0,correct-high
4259,train,stable,0,0.330646,0.669354,low,stable,1,out_of_fold,0.153354,0.22098,0.846646,high,stable,1,1,0,0,correct-high
4159,train,stable,0,0.325055,0.674945,low,stable,1,out_of_fold,0.153305,0.197556,0.846695,high,stable,1,1,0,0,correct-high
158,train,stable,0,0.431228,0.568772,low,stable,1,out_of_fold,0.152428,0.151551,0.847572,high,stable,1,1,0,0,correct-high
4480,test,stable,0,0.256288,0.743712,low,stable,1,fitted,0.152011,0.148195,0.847989,high,stable,1,1,0,0,correct-high
4206,test,stable,0,0.256134,0.743866,low,stable,1,fitted,0.151878,0.115037,0.848122,high,stable,1,1,0,0,correct-high
1187,train,stable,0,0.253996,0.746004,low,stable,1,out_of_fold,0.15139,0.129038,0.84861,high,stable,1,1,0,0,correct-high
4842,train,stable,0,0.271656,0.728344,low,stable,1,out_of_fold,0.150421,0.127864,0.849579,high,stable,1,1,0,0,correct-high
604,test,converter,1,0.294949,0.705051,low,stable,0,fitted,0.148958,0.181746,0.851042,high,stable,0,1,0,0,incorrect-high
4431,train,stable,0,0.253188,0.746812,low,stable,1,out_of_fold,0.147809,0.250208,0.852191,high,stable,1,1,0,0,correct-high
1408,train,stable,0,0.286653,0.713347,low,stable,1,out_of_fold,0.147467,0.166719,0.852533,high,stable,1,1,0,0,correct-high
4514,train,stable,0,0.207113,0.792887,low,stable,1,out_of_fold,0.146719,0.149335,0.853281,high,stable,1,1,0,0,correct-high
668,train,stable,0,0.220091,0.779909,low,stable,1,out_of_fold,0.146693,0.173112,0.853307,high,stable,1,1,0,0,correct-high
4654,test,stable,0,0.405464,0.594536,low,stable,1,fitted,0.145315,0.197821,0.854685,high,stable,1,1,0,0,correct-high
4395,train,stable,0,0.403465,0.596535,low,stable,1,out_of_fold,0.144222,0.173477,0.855778,high,stable,1,1,0,0,correct-high
4128,train,stable,0,0.287522,0.712478,low,stable,1,out_of_fold,0.144175,0.22534,0.855825,high,stable,1,1,0,0,correct-high
6291,test,stable,0,0.223552,0.776448,low,stable,1,fitted,0.143983,0.129654,0.856017,high,stable,1,1,0,0,correct-high
4562,train,stable,0,0.239843,0.760157,low,stable,1,out_of_fold,0.143745,0.305388,0.856255,high,stable,1,1,0,0,correct-high
2360,test,stable,0,0.20702,0.79298,low,stable,1,fitted,0.142991,0.135493,0.857009,high,stable,1,1,0,0,correct-high
6695,train,stable,0,0.506976,0.506976,low,converter,0,out_of_fold,0.141847,0.296968,0.858153,high,stable,1,1,1,0,correct-high
4947,train,converter,1,0.430288,0.569712,low,stable,0,out_of_fold,0.141843,0.224928,0.858157,high,stable,0,1,0,0,incorrect-high
6110,test,stable,0,0.253954,0.746046,low,stable,1,fitted,0.140404,0.164398,0.859596,high,stable,1,1,0,0,correct-high
4540,train,stable,0,0.258535,0.741465,low,stable,1,out_of_fold,0.139205,0.090072,0.860795,high,stable,1,1,0,0,correct-high
4299,train,stable,0,0.373218,0.626782,low,stable,1,out_of_fold,0.136451,0.125964,0.863549,high,stable,1,1,0,0,correct-high
973,train,converter,1,0.319231,0.680769,low,stable,0,out_of_fold,0.134411,0.127689,0.865589,high,stable,0,1,0,0,incorrect-high
38,train,stable,0,0.251823,0.748177,low,stable,1,out_of_fold,0.134135,0.146129,0.865865,high,stable,1,1,0,0,correct-high
4463,test,stable,0,0.33801,0.66199,low,stable,1,fitted,0.133991,0.123972,0.866009,high,stable,1,1,0,0,correct-high
2121,train,stable,0,0.229727,0.770273,low,stable,1,out_of_fold,0.132215,0.149963,0.867785,high,stable,1,1,0,0,correct-high
4127,train,stable,0,0.217256,0.782744,low,stable,1,out_of_fold,0.128404,0.087047,0.871596,high,stable,1,1,0,0,correct-high
4958,train,converter,1,0.237864,0.762136,low,stable,0,out_of_fold,0.125976,0.123149,0.874024,high,stable,0,1,0,0,incorrect-high
2200,train,stable,0,0.225829,0.774171,low,stable,1,out_of_fold,0.125636,0.114611,0.874364,high,stable,1,1,0,0,correct-high
2148,test,stable,0,0.295833,0.704167,low,stable,1,fitted,0.125594,0.147785,0.874406,high,stable,1,1,0,0,correct-high
4438,train,stable,0,0.230067,0.769933,low,stable,1,out_of_fold,0.12488,0.210535,0.87512,high,stable,1,1,0,0,correct-high
4489,train,stable,0,0.210338,0.789662,low,stable,1,out_of_fold,0.123655,0.125031,0.876345,high,stable,1,1,0,0,correct-high
4814,train,stable,0,0.304089,0.695911,low,stable,1,out_of_fold,0.121068,0.18732,0.878932,high,stable,1,1,0,0,correct-high
6804,test,stable,0,0.222421,0.777579,low,stable,1,fitted,0.119337,0.113484,0.880663,high,stable,1,1,0,0,correct-high
4004,test,stable,0,0.404248,0.595752,low,stable,1,fitted,0.119257,0.105735,0.880743,high,stable,1,1,0,0,correct-high
4143,train,converter,1,0.570238,0.570238,low,converter,1,out_of_fold,0.11878,0.156249,0.88122,high,stable,0,1,0,1,incorrect-high
2116,train,stable,0,0.242666,0.757334,low,stable,1,out_of_fold,0.118571,0.128783,0.881429,high,stable,1,1,0,0,correct-high
6696,test,stable,0,0.313122,0.686878,low,stable,1,fitted,0.11816,0.114713,0.88184,high,stable,1,1,0,0,correct-high
722,train,stable,0,0.509593,0.509593,low,converter,0,out_of_fold,0.118002,0.193292,0.881998,high,stable,1,1,1,0,correct-high
4390,train,stable,0,0.277744,0.722256,low,stable,1,out_of_fold,0.11789,0.081289,0.88211,high,stable,1,1,0,0,correct-high
4168,train,stable,0,0.215292,0.784708,low,stable,1,out_of_fold,0.113283,0.168917,0.886717,high,stable,1,1,0,0,correct-high
912,train,stable,0,0.617861,0.617861,low,converter,0,out_of_fold,0.110736,0.17015,0.889264,high,stable,1,1,1,0,correct-high
2324,train,stable,0,0.231992,0.768008,low,stable,1,out_of_fold,0.108664,0.109864,0.891336,high,stable,1,1,0,0,correct-high
4780,train,stable,0,0.307955,0.692045,low,stable,1,out_of_fold,0.107003,0.146737,0.892997,high,stable,1,1,0,0,correct-high
908,test,stable,0,0.212864,0.787136,low,stable,1,fitted,0.105949,0.132446,0.894051,high,stable,1,1,0,0,correct-high
4169,train,stable,0,0.230395,0.769605,low,stable,1,out_of_fold,0.103246,0.094034,0.896754,high,stable,1,1,0,0,correct-high
6002,train,stable,0,0.233029,0.766971,low,stable,1,out_of_fold,0.103025,0.103915,0.896975,high,stable,1,1,0,0,correct-high
4226,train,stable,0,0.224771,0.775229,low,stable,1,out_of_fold,0.102061,0.081252,0.897939,high,stable,1,1,0,0,correct-high
6432,train,stable,0,0.230553,0.769447,low,stable,1,out_of_fold,0.100081,0.145333,0.899919,high,stable,1,1,0,0,correct-high
6816,train,stable,0,0.253676,0.746324,low,stable,1,out_of_fold,0.098298,0.073801,0.901702,high,stable,1,1,0,0,correct-high
4356,test,stable,0,0.220216,0.779784,low,stable,1,fitted,0.097956,0.090035,0.902044,high,stable,1,1,0,0,correct-high
4219,train,stable,0,0.232108,0.767892,low,stable,1,out_of_fold,0.096601,0.159755,0.903399,high,stable,1,1,0,0,correct-high
4134,train,stable,0,0.221856,0.778144,low,stable,1,out_of_fold,0.095259,0.115598,0.904741,high,stable,1,1,0,0,correct-high
957,test,stable,0,0.368861,0.631139,low,stable,1,fitted,0.093847,0.123426,0.906153,high,stable,1,1,0,0,correct-high
4896,train,stable,0,0.259606,0.740394,low,stable,1,out_of_fold,0.090968,0.087306,0.909032,high,stable,1,1,0,0,correct-high
4629,test,stable,0,0.221246,0.778754,low,stable,1,fitted,0.090806,0.137223,0.909194,high,stable,1,1,0,0,correct-high
4268,test,stable,0,0.225434,0.774566,low,stable,1,fitted,0.08843,0.119389,0.91157,high,stable,1,1,0,0,correct-high
4077,train,stable,0,0.213137,0.786863,low,stable,1,out_of_fold,0.088112,0.096098,0.911888,high,stable,1,1,0,0,correct-high
4455,train,stable,0,0.418941,0.581059,low,stable,1,out_of_fold,0.085893,0.111395,0.914107,high,stable,1,1,0,0,correct-high
6726,train,stable,0,0.287317,0.712683,low,stable,1,out_of_fold,0.08411,0.077346,0.91589,high,stable,1,1,0,0,correct-high
307,train,stable,0,0.319298,0.680702,low,stable,1,out_of_fold,0.083774,0.129357,0.916226,high,stable,1,1,0,0,correct-high
2164,train,stable,0,0.223242,0.776758,low,stable,1,out_of_fold,0.079666,0.060564,0.920334,high,stable,1,1,0,0,correct-high
6848,test,stable,0,0.348031,0.651969,low,stable,1,fitted,0.078928,0.156705,0.921072,high,stable,1,1,0,0,correct-high
2249,test,stable,0,0.303389,0.696611,low,stable,1,fitted,0.077452,0.091147,0.922548,high,stable,1,1,0,0,correct-high
443,test,stable,0,0.260314,0.739686,low,stable,1,fitted,0.076355,0.124111,0.923645,high,stable,1,1,0,0,correct-high
6033,train,stable,0,0.237639,0.762361,low,stable,1,out_of_fold,0.07483,0.091596,0.92517,high,stable,1,1,0,0,correct-high
4237,train,stable,0,0.33898,0.66102,low,stable,1,out_of_fold,0.07431,0.106581,0.92569,high,stable,1,1,0,0,correct-high
376,train,converter,1,0.293118,0.706882,low,stable,0,out_of_fold,0.072064,0.195294,0.927936,high,stable,0,1,0,0,incorrect-high
4512,test,stable,0,0.226738,0.773262,low,stable,1,fitted,0.070894,0.089688,0.929106,high,stable,1,1,0,0,correct-high
2070,train,stable,0,0.280621,0.719379,low,stable,1,out_of_fold,0.070242,0.165669,0.929758,high,stable,1,1,0,0,correct-high
1075,train,stable,0,0.237876,0.762124,low,stable,1,out_of_fold,0.0691,0.147186,0.9309,high,stable,1,1,0,0,correct-high
6744,test,stable,0,0.233734,0.766266,low,stable,1,fitted,0.068849,0.07774,0.931151,high,stable,1,1,0,0,correct-high
2233,test,stable,0,0.221415,0.778585,low,stable,1,fitted,0.068644,0.151052,0.931356,high,stable,1,1,0,0,correct-high
464,test,stable,0,0.333997,0.666003,low,stable,1,fitted,0.068139,0.176748,0.931861,high,stable,1,1,0,0,correct-high
422,train,stable,0,0.241165,0.758835,low,stable,1,out_of_fold,0.06812,0.059899,0.93188,high,stable,1,1,0,0,correct-high
6880,test,stable,0,0.2379,0.7621,low,stable,1,fitted,0.067581,0.131868,0.932419,high,stable,1,1,0,0,correct-high
1227,train,stable,0,0.443954,0.556046,low,stable,1,out_of_fold,0.06345,0.109294,0.93655,high,stable,1,1,0,0,correct-high
294,train,converter,1,0.66026,0.66026,low,converter,1,out_of_fold,0.061042,0.125035,0.938958,high,stable,0,1,0,1,incorrect-high
1052,train,stable,0,0.284089,0.715911,low,stable,1,out_of_fold,0.058291,0.076229,0.941709,high,stable,1,1,0,0,correct-high
6652,train,stable,0,0.222428,0.777572,low,stable,1,out_of_fold,0.054472,0.1116,0.945528,high,stable,1,1,0,0,correct-high
746,test,stable,0,0.255229,0.744771,low,stable,1,fitted,0.053814,0.084366,0.946186,high,stable,1,1,0,0,correct-high
2119,train,stable,0,0.272851,0.727149,low,stable,1,out_of_fold,0.052709,0.05934,0.947291,high,stable,1,1,0,0,correct-high
4723,train,stable,0,0.232311,0.767689,low,stable,1,out_of_fold,0.052692,0.048159,0.947308,high,stable,1,1,0,0,correct-high
2219,train,stable,0,0.246117,0.753883,low,stable,1,out_of_fold,0.052096,0.076596,0.947904,high,stable,1,1,0,0,correct-high
4220,test,stable,0,0.250932,0.749068,low,stable,1,fitted,0.051228,0.063993,0.948772,high,stable,1,1,0,0,correct-high
4869,train,stable,0,0.200421,0.799579,low,stable,1,out_of_fold,0.049219,0.050497,0.950781,high,stable,1,1,0,0,correct-high
4281,train,stable,0,0.25891,0.74109,low,stable,1,out_of_fold,0.048326,0.049136,0.951674,high,stable,1,1,0,0,correct-high
6888,test,stable,0,0.206267,0.793733,low,stable,1,fitted,0.048221,0.086868,0.951779,high,stable,1,1,0,0,correct-high
4328,train,stable,0,0.202644,0.797356,low,stable,1,out_of_fold,0.040011,0.055714,0.959989,high,stable,1,1,0,0,correct-high
4722,train,stable,0,0.211158,0.788842,low,stable,1,out_of_fold,0.040003,0.049703,0.959997,high,stable,1,1,0,0,correct-high
5099,train,stable,0,0.271151,0.728849,low,stable,1,out_of_fold,0.038805,0.073952,0.961195,high,stable,1,1,0,0,correct-high
4381,train,stable,0,0.332199,0.667801,low,stable,1,out_of_fold,0.036518,0.034716,0.963482,high,stable,1,1,0,0,correct-high
2396,train,stable,0,0.209832,0.790168,low,stable,1,out_of_fold,0.035827,0.038218,0.964173,high,stable,1,1,0,0,correct-high
4594,train,stable,0,0.304131,0.695869,low,stable,1,out_of_fold,0.035782,0.05122,0.964218,high,stable,1,1,0,0,correct-high
4476,test,stable,0,0.335376,0.664624,low,stable,1,fitted,0.034303,0.104201,0.965697,high,stable,1,1,0,0,correct-high
2315,train,stable,0,0.226526,0.773474,low,stable,1,out_of_fold,0.033415,0.099369,0.966585,high,stable,1,1,0,0,correct-high
4750,train,stable,0,0.305298,0.694702,low,stable,1,out_of_fold,0.03218,0.075287,0.96782,high,stable,1,1,0,0,correct-high
2124,train,stable,0,0.297482,0.702518,low,stable,1,out_of_fold,0.023402,0.06599,0.976598,high,stable,1,1,0,0,correct-high
